<?xml version="1.0"?>
<SDP version="0.9" domain="particular">
	<Contents>
		<Image>
			<DefaultFolder>
				<Internal value="/DCIM/Camera" />
				<External value="/DCIM/Camera" />
			</DefaultFolder>

			<Transfer>
				<FileType value="JPG" />
				<Option value="Auto" />
			</Transfer>

			<FileFormat>
				<JPG>
					<MaxFileSize value="10485760" />
					<MaxWidth value="5000" />
					<MaxHeight value="5000" />
				</JPG>
				<GIF>
					<MaxFileSize value="10485760" />
					<MaxWidth value="4000" />
					<MaxHeight value="3000" />
				</GIF>
				<BMP>
					<MaxFileSize value="10485760" />
					<MaxWidth value="4000" />
					<MaxHeight value="3000" />
				</BMP>
				<PNG>
					<MaxFileSize value="10485760" />
					<MaxWidth value="4000" />
					<MaxHeight value="3000" />
				</PNG>
				<WBMP>
					<MaxFileSize value="10485760" />
					<MaxWidth value="4000" />
					<MaxHeight value="3000" />
				</WBMP>
			</FileFormat>
		</Image>

		<Music>
			<DefaultFolder>
				<Internal value="/media" />
				<External value="/media" />
			</DefaultFolder>

			<Transfer>
				<FileType value="MP3" />
			</Transfer>

			<FileFormat>
				<MP3>
					<MaxFileSize value="2147483648" />
					<MaxBitrate value="327680" />
					<MaxSamplingRate value="49152" />
				</MP3>
				<IMY>
					<MaxFileSize value="104857600" />
					<MaxBitrate value="" />
					<MaxSamplingRate value="" />
				</IMY>
				<MID>
					<MaxFileSize value="104857600" />
					<MaxBitrate value="" />
					<MaxSampling value="" />
				</MID>
				<AMR>
					<MaxFileSize value="2147483648" />
					<MaxBitrate value="12288" />
					<MaxSampling value="8192" />
				</AMR>
				<WAV>
					<MaxFileSize value="2147483648" />
					<MaxBitrate value="" />
					<MaxSampling value="49152" />
				</WAV>
				<AAC>
					<MaxFileSize value="2147483648" />
					<MaxBitrate value="131072" />
					<MaxSampling value="49152" />
				</AAC>
				<WMA>
					<MaxFileSize value="2147483648" />
					<MaxBitrate value="131072" />
					<MaxSampling value="49152" />
				</WMA>
				<M4A>
					<MaxFileSize value="2147483648" />
					<MaxBitrate value="131072" />
					<MaxSampling value="49152" />
				</M4A>
				<OGG>
					<MaxFileSize value="2147483648" />
					<MaxBitrate value="131072" />
					<MaxSampling value="49152" />
				</OGG>
				<FLAC>
					<MaxBitrate value="" />
					<MaxSampling value="" />
				</FLAC>
			</FileFormat>
			<Lyric>
				<Vender value="MediaCanvas" />
				<Version value="2" />
				<Name value="YP-G70" />
				<UnicodeInfoFile value="YPP2_UNICODE_WIDTH_TABLE.BIN" />
				<WidthsDot value="208" />
				<DisplayLines value="6" />
				<TwoByteDot value="18" />
				<OneByteDot value="18" />
				<HiVersion value="1" />
				<LoVersion value="1" />
				<VBRSupport value="1" />
				<WMDRM value="1" />
				<!--MTP Device Only -->
				<LDBMarkType value="" />
			</Lyric>
		</Music>

		<Movie>
			<DefaultFolder>
				<Internal value="/DCIM/Camera" />
				<External value="/DCIM/Camera" />
			</DefaultFolder>
			<MaxFileCount value="" />
			<Transfer>
				<FileType value="MP4" />
				<Option value="Auto" />
			</Transfer>
			<FileFormat>

				<AVI>
					<MaxFileSize value="4294967296" />
					<Video>
						<Codecs>
							<Codec value="MPEG4 SP" />
							<Codec value="DIVX" />
							<Codec value="Xvid" />
							<Codec value="H.264 BP" />
							<Codec value="H.264 MP" />
							<Codec value="H.264 HP" />
							<Codec name="MPEG4 ASP" value="MPEG4 ASP">
								<MaxWidth value="720" />
								<MaxHeight value="480" />
								<MaxFrameRate value="30" />
								<MaxBitrate value="6291456" />
							</Codec>
							<Codec name="DivX 3.11" value="DivX 3.11">
								<MaxWidth value="720" />
								<MaxHeight value="480" />
								<MaxFrameRate value="30" />
								<MaxBitrate value="2097152" />
							</Codec>
						</Codecs>
						<MaxWidth value="1280" />
						<MaxHeight value="720" />
						<MaxFrameRate value="30" />
						<MaxBitrate value="12582912" />
					</Video>
					<Audio>
						<Codecs>
							<Codec value="AAC LC" />
							<Codec value="AAC+" />
							<Codec name="eAAC+" value="eAAC+">
								<MaxSamplingRate value="48000" />
								<MaxBitrate value="65536" />
								<MaxChannel value="2" />
							</Codec>
							<Codec name="MP3" value="MP3">
								<MaxSamplingRate value="48000" />
								<MaxBitrate value="327680" />
								<MaxChannel value="2" />
							</Codec>
							<Codec name="AC3" value="AC3">
								<MaxSamplingRate value="48000" />
								<MaxBitrate value="327680" />
								<MaxChannel value="6" />
							</Codec>
						</Codecs>
						<MaxSamplingRate value="48000" />
						<MaxBitrate value="131072" />
						<MaxChannel value="2" />
					</Audio>
				</AVI>

				<MP4>
					<MaxFileSize value="4294967296" />
					<Video>
						<Codecs>
							<Codec value="MPEG4 SP" />
							<Codec value="H.264 BP" />
							<Codec value="H.264 MP" />
							<Codec value="H.264 HP" />
							<Codec name="MPEG4 ASP" value="MPEG4 ASP">
								<MaxWidth value="720" />
								<MaxHeight value="480" />
								<MaxFrameRate value="30" />
								<MaxBitrate value="6291456" />
							</Codec>
							<Codec name="H.263 P3" value="H.263 P3">
								<MaxWidth value="720" />
								<MaxHeight value="480" />
								<MaxFrameRate value="30" />
								<MaxBitrate value="6291456" />
							</Codec>
						</Codecs>
						<MaxWidth value="1280" />
						<MaxHeight value="720" />
						<MaxFrameRate value="30" />
						<MaxBitrate value="12582912" />
					</Video>
					<Audio>
						<Codecs>
							<Codec value="AAC LC" />
							<Codec value="AAC+" />
							<Codec name="eAAC+" value="eAAC+">
								<MaxSamplingRate value="48000" />
								<MaxBitrate value="65536" />
								<MaxChannel value="2" />
							</Codec>
							<Codec name="MP3" value="MP3">
								<MaxSamplingRate value="48000" />
								<MaxBitrate value="327680" />
								<MaxChannel value="2" />
							</Codec>
							<Codec name="AMR-NB" value="AMR-NB">
								<MaxSamplingRate value="8000" />
								<MaxBitrate value="12493" />
								<MaxChannel value="1" />
							</Codec>
							<Codec name="AMR-WB" value="AMR-WB">
								<MaxSamplingRate value="16000" />
								<MaxBitrate value="66000" />
								<MaxChannel value="1" />
							</Codec>
						</Codecs>
						<MaxSamplingRate value="48000" />
						<MaxBitrate value="131072" />
						<MaxChannel value="2" />
					</Audio>
				</MP4>

				<_3GP>
					<MaxFileSize value="4294967296" />
					<Video>
						<Codecs>
							<Codec value="MPEG4 SP" />
							<Codec value="H.264 BP" />
							<Codec value="H.264 MP" />
							<Codec value="H.264 HP" />
							<Codec name="MPEG4 ASP" value="MPEG4 ASP">
								<MaxWidth value="720" />
								<MaxHeight value="480" />
								<MaxFrameRate value="30" />
								<MaxBitrate value="6291456" />
							</Codec>
							<Codec name="H.263" value="H.263">
								<MaxWidth value="720" />
								<MaxHeight value="480" />
								<MaxFrameRate value="30" />
								<MaxBitrate value="6291456" />
							</Codec>
						</Codecs>
						<MaxWidth value="1280" />
						<MaxHeight value="720" />
						<MaxFrameRate value="30" />
						<MaxBitrate value="12582912" />
					</Video>
					<Audio>
						<Codecs>
							<Codec value="AAC LC" />
							<Codec value="AAC+" />
							<Codec name="eAAC+" value="eAAC+">
								<MaxSamplingRate value="48000" />
								<MaxBitrate value="65536" />
								<MaxChannel value="2" />
							</Codec>
							<Codec name="MP3" value="MP3">
								<MaxSamplingRate value="48000" />
								<MaxBitrate value="327680" />
								<MaxChannel value="2" />
							</Codec>
							<Codec name="AMR-NB" value="AMR-NB">
								<MaxSamplingRate value="8000" />
								<MaxBitrate value="12493" />
								<MaxChannel value="1" />
							</Codec>
							<Codec name="AMR-WB" value="AMR-WB">
								<MaxSamplingRate value="16000" />
								<MaxBitrate value="66000" />
								<MaxChannel value="1" />
							</Codec>
						</Codecs>
						<MaxSamplingRate value="48000" />
						<MaxBitrate value="131072" />
						<MaxChannel value="2" />
					</Audio>
				</_3GP>

				<MKV>
					<MaxFileSize value="4294967296" />
					<Video>
						<Codecs>
							<Codec value="H.264 BP" />
							<Codec value="H.264 MP" />
							<Codec value="H.264 HP" />
							<Codec value="Xvid" />
						</Codecs>
						<MaxWidth value="1280" />
						<MaxHeight value="720" />
						<MaxFrameRate value="30" />
						<MaxBitrate value="12582912" />
					</Video>
					<Audio>
						<Codecs>
							<Codec value="AAC LC" />
							<Codec value="AAC+" />
							<Codec name="eAAC+" value="eAAC+">
								<MaxSamplingRate value="48000" />
								<MaxBitrate value="65536" />
								<MaxChannel value="2" />
							</Codec>
							<Codec name="MP3" value="MP3">
								<MaxSamplingRate value="48000" />
								<MaxBitrate value="327680" />
								<MaxChannel value="2" />
							</Codec>
							<Codec name="AC3" value="AC3">
								<MaxSamplingRate value="48000" />
								<MaxBitrate value="327680" />
								<MaxChannel value="6" />
							</Codec>
						</Codecs>
						<MaxSamplingRate value="48000" />
						<MaxBitrate value="131072" />
						<MaxChannel value="2" />
					</Audio>
				</MKV>

				<WMV>
					<MaxFileSize value="4294967296" />
					<Video>
						<Codecs>
							<Codec value="WMV7" />
							<Codec value="WMV8" />
							<Codec name="WMV9 Main" value="WMV9 Main">
								<MaxWidth value="1280" />
								<MaxHeight value="720" />
								<MaxFrameRate value="30" />
								<MaxBitrate value="12582912" />
							</Codec>
						</Codecs>
						<MaxWidth value="720" />
						<MaxHeight value="480" />
						<MaxFrameRate value="30" />
						<MaxBitrate value="2097152" />
					</Video>
					<Audio>
						<Codecs>
							<Codec value="WMA9 STD" />
						</Codecs>
						<MaxSamplingRate value="48000" />
						<MaxBitrate value="327680" />
						<MaxChannel value="2" />
					</Audio>
				</WMV>

				<FLV>
					<MaxFileSize value="4294967296" />
					<Video>
						<Codecs>
							<Codec value="H.264 BP" />
							<Codec value="H.264 MP" />
							<Codec value="H.264 HP" />
							<Codec name="H263 Sorenson" value="H263 Sorenson">
								<MaxWidth value="720" />
								<MaxHeight value="480" />
								<MaxFrameRate value="30" />
								<MaxBitrate value="2097152" />
							</Codec>
						</Codecs>
						<MaxWidth value="1280" />
						<MaxHeight value="720" />
						<MaxFrameRate value="30" />
						<MaxBitrate value="12582912" />
					</Video>
					<Audio>
						<Codecs>
							<Codec value="MP3" />
						</Codecs>
						<MaxSamplingRate value="48000" />
						<MaxBitrate value="327680" />
						<MaxChannel value="2" />
					</Audio>
				</FLV>

			</FileFormat>
		</Movie>
		<SMI>
			<DefaultFolder>
				<Internal value="/DCIM/Camera" />
				<External value="/DCIM/Camera" />
			</DefaultFolder>
			<FileFormat>
				<SMI />
			</FileFormat>
		</SMI>

		<BackupRestore>
			<Content name="Phonebook" type="Standard" version="1.0" />
			<Content name="Music">
				<FileExtension value="mp3;m4a;mp4;wav;amr;awb;wma;ogg;oga;aac;3ga;flac;mpga;imy;mid;qcp;mmf;asf"/>
				<TargetFilePath value="Internal:\*" />
			</Content>
			<Content name="Video">
				<FileExtension value="avi;mp4;m4v;3gp;3g2;3gpp;3gpp2;mkv;wmv;asf;flv;divx;mpg;mpeg;rm;rmvb;mov;k3g;skm;svi;swf" />
				<TargetFilePath value="Internal:\*" />
			</Content>
			<Content name="Photo">
				<FileExtension value="jpg;jpeg;gif;png;bmp;wbmp;tif;tiff" />
				<TargetFilePath value="Internal:\*" />
			</Content>
		</BackupRestore>
	</Contents>
</SDP>
