<?xml version="1.0"?>
<SDP version="0.9" domain="Particular">
  <Device>
    <ModelName      value="YP-G1"/>
    <BaseModelName  value="YP-G1"/>
    <ProjectName  value="Aries"/>
    <FriendlyName  value="Aries"/>
    <ProductLineup value="HHP"/>
    <OS value="Android"  version="2.2"/>
    <TargetMarket value= "Europe" />
    <Platform value="Android" lab="GALAB"/>
    <Language value= "English" />
    <LCD>
      <Type value="WVGA"/>
      <Width  value="800"/>
      <Height value="480"/>
      <Color value="16777216"/>
    </LCD>
    <Operator value="Open" />
    <ConnectModes>
      <USB>
      <ConnectMode name="PCLink" value= "MODEM">
      	<SupportApp>
	         <Calendar/>
	        <Phonebook/>
	        <Memo/>
		<MessageManager/>
		<BackupRestore/>
		</SupportApp>
      </ConnectMode>

      <ConnectMode name="RemovableDisk" value= "UMS" >
		<SupportApp>
			<FileManagement/>
		</SupportApp>
	  </ConnectMode>

      </USB>
    </ConnectModes>

    <SIM>
      <SupportDualSim value="FALSE" />
    </SIM>
    <TwoNumber value="FALSE"/>
    <Storage>
      <SupportExternal value="TRUE"/>
    </Storage>
    <TimeCoordinate value="UTC"/>
    <DST value="FALSE"/>

    <MediaSync value="FALSE">
	</MediaSync>
    <BackupRestore value="TRUE"/>
    <FirmwareUpdate value="TRUE"/>
    <MacSupport value="TRUE"/>
	<QuickFixes>
		<ModelDB>
			<Property name="IgnoreAccount" value="false" /> 
		</ModelDB>
	</QuickFixes>    
  </Device>
</SDP>
