<?xml version="1.0" encoding="utf-8"?>
<SDP version="1.1">
  <Phonebook>
    <MaxItemCount value="65535" />
    <GUITemplate value="ANDROID"/>
    <PhotoSize accessibility="all" value="138*138"/>
    <MultipleAccount value="TRUE"/>
    <SupportSync value="FALSE"/>
    <MaxSpeedDialCount count="1000" />
    <DialChar value="+*#,;"/>
    <Enums>
      <Enum name="TEL_TYPE" >
        <Element name="Mobile.Private"/>
        <Element name="Landline.Private"/>
        <Element name="Landline.Business"/>
        <Element name="Fax.Business"/>
        <Element name="Fax.Private"/>
        <Element name="Pager"/>
        <Element name="Etc"/>
        <Element name="Custom"/>
        <Element name="Callback"/>
        <Element name="CarPhone"/>
        <Element name="CompanyMain"/>
        <Element name="ISDN"/>
        <Element name="Main"/>
        <Element name="Fax"/>
        <Element name="RadioTel"/>
        <Element name="Telex"/>
        <Element name="TTY/TDD"/>
        <Element name="Mobile.Business"/>
        <Element name="Pager.Business"/>
        <Element name="Secretary"/>
        <Element name="MMS"/>
      </Enum>

      <Enum name="GENERAL_TYPE">
        <Element name="Private"/>
        <Element name="Office" />
        <Element name="Other" />
        <Element name="Mobile" />
        <Element name="Custom" />
      </Enum>

      <Enum name="ADDRESS_TYPE" DataLength="1">
        <Element name="Private" value="1" />
        <Element name="Office" value="2" />
        <Element name="Other" value="3" />
        <Element name="Custom" value="3" />
      </Enum>

      <Enum name="ORG_TYPE" DataLength="1">
        <Element name="Office" value="2" />
        <Element name="Other" value="3" />
        <Element name="Custom" value="3" />
      </Enum>

      <Enum name="MESSENGER_TYPE" >
        <Element name="AIM" />
        <Element name="WindowsLive"/>
        <Element name="Yahoo"/>
        <Element name="Skype"/>
        <Element name="QQ"/>
        <Element name="GoogleTalk"/>
        <Element name="ICQ"/>
        <Element name="Jabber"/>
        <Element name="Custom"/>
      </Enum>
    </Enums>

    <DataField>
      <Names>
        <FirstName 	type="String" CharSet="65001" MaxLength="255" />
        <LastName 	type="String" CharSet="65001" MaxLength="255" />
      </Names>

      <TelNumbers>
        <TelNumber Count="10">
          <TelType 	Type="TEL_TYPE" value="1"/>
          <TelNum 	Type="String" CharSet="65001"	MaxLength="255" />
        </TelNumber>
      </TelNumbers>

      <Emails>
        <Email Count="3">
          <EmailType Type="EMAIL_TYPE" value="1"/>
          <EmailAddr Type="String" CharSet="65001" MaxLength="255" />
        </Email>
      </Emails>

      <MessengerIDs>
        <MessengerID count ="3">
          <MessengerType Type ="MESSENGER_TYPE" value="1"/>
          <MessengerAddr Type ="String" CharSet="65001" MaxLength="255" />
        </MessengerID>
      </MessengerIDs>

      <Addresses>
        <address count="3">
          <AddrType 	type="ADDRESS_TYPE" 	value="1"/>
          <Street		type="String" charset="65001" maxLength="255" />
          <PObox		type="String" charset="65001" maxLength="255" />
          <Neighborhood	type="String" charset="65001" maxLength="255" />
          <City		type="String" charset="65001" maxLength="255" />
          <state		type="String" charset="65001" maxLength="255" />
          <PostalCode	type="String" charset="65001" maxLength="255" />
          <country	type="String" charset="65001" maxLength="255" />
        </address>
      </Addresses>

      <Organizations>
        <Organization count="1">
          <OrganizationType type="ORG_TYPE" value="1"/>
          <Company 	type="String" charset="65001" maxLength="255" />
          <Position	type="String" charset="65001" maxLength="255" />
        </Organization>
      </Organizations>
      <Notes>
        <Note count="1">
          <Content type="String" charset="65001" maxLength="255" />
        </Note>
      </Notes>
      <Nicknames>
        <Nickname count="1">
          <Name type="String" charset="65001" maxLength="255" />
        </Nickname>
      </Nicknames>
      <Urls>
        <Url count="1">
          <UrlAddr type="String" charset="65001" maxLength="255" />
        </Url>
      </Urls>
    </DataField>
  </Phonebook>
</SDP>
